email,timestamp,emotion,confidence,model_type,session_id
bob,2025-04-26 11:22:45,happy,0.39553532004356384,doctor-patient,66f40c9b-ed42-4bea-bfc8-0923bf04e885
bob,2025-04-26 11:22:45,happy,0.3931622803211212,doctor-patient,66f40c9b-ed42-4bea-bfc8-0923bf04e885
bob,2025-04-26 11:22:45,happy,0.3931622803211212,doctor-patient,66f40c9b-ed42-4bea-bfc8-0923bf04e885
bob,2025-04-26 11:22:45,happy,0.3943774104118347,doctor-patient,66f40c9b-ed42-4bea-bfc8-0923bf04e885
bob,2025-04-26 11:22:46,happy,0.39957568049430847,doctor-patient,66f40c9b-ed42-4bea-bfc8-0923bf04e885
bob,2025-04-26 11:22:46,happy,0.4006064534187317,doctor-patient,66f40c9b-ed42-4bea-bfc8-0923bf04e885
bob,2025-04-26 11:22:46,happy,0.4050271213054657,doctor-patient,66f40c9b-ed42-4bea-bfc8-0923bf04e885
bob,2025-04-26 11:22:46,happy,0.3986848294734955,doctor-patient,66f40c9b-ed42-4bea-bfc8-0923bf04e885
bob,2025-04-26 11:22:46,happy,0.3986848294734955,doctor-patient,66f40c9b-ed42-4bea-bfc8-0923bf04e885
bob,2025-04-26 11:22:46,happy,0.3982245922088623,doctor-patient,66f40c9b-ed42-4bea-bfc8-0923bf04e885
bob,2025-04-26 11:22:46,happy,0.4040898084640503,doctor-patient,66f40c9b-ed42-4bea-bfc8-0923bf04e885
bob,2025-04-26 11:22:46,happy,0.3958026170730591,doctor-patient,66f40c9b-ed42-4bea-bfc8-0923bf04e885
bob,2025-04-26 11:22:46,happy,0.3992908000946045,doctor-patient,66f40c9b-ed42-4bea-bfc8-0923bf04e885
bob,2025-04-26 11:22:46,happy,0.3992908000946045,doctor-patient,66f40c9b-ed42-4bea-bfc8-0923bf04e885
bob,2025-04-26 11:22:46,happy,0.40116843581199646,doctor-patient,66f40c9b-ed42-4bea-bfc8-0923bf04e885
bob,2025-04-26 11:22:46,happy,0.4051978290081024,doctor-patient,66f40c9b-ed42-4bea-bfc8-0923bf04e885
bob,2025-04-26 11:22:46,happy,0.40270277857780457,doctor-patient,66f40c9b-ed42-4bea-bfc8-0923bf04e885
bob,2025-04-26 11:22:46,happy,0.4006613790988922,doctor-patient,66f40c9b-ed42-4bea-bfc8-0923bf04e885
bob,2025-04-26 11:22:47,happy,0.4006613790988922,doctor-patient,66f40c9b-ed42-4bea-bfc8-0923bf04e885
bob,2025-04-26 11:22:47,happy,0.40018796920776367,doctor-patient,66f40c9b-ed42-4bea-bfc8-0923bf04e885
bob,2025-04-26 11:22:47,happy,0.40494605898857117,doctor-patient,66f40c9b-ed42-4bea-bfc8-0923bf04e885
bob,2025-04-26 11:22:47,happy,0.4067518711090088,doctor-patient,66f40c9b-ed42-4bea-bfc8-0923bf04e885
bob,2025-04-26 11:22:47,happy,0.4046323895454407,doctor-patient,66f40c9b-ed42-4bea-bfc8-0923bf04e885
bob,2025-04-26 11:22:47,happy,0.3981893062591553,doctor-patient,66f40c9b-ed42-4bea-bfc8-0923bf04e885
bob,2025-04-26 11:22:47,happy,0.3981893062591553,doctor-patient,66f40c9b-ed42-4bea-bfc8-0923bf04e885
bob,2025-04-26 11:22:47,happy,0.4046632945537567,doctor-patient,66f40c9b-ed42-4bea-bfc8-0923bf04e885
bob,2025-04-26 11:22:47,happy,0.4056902527809143,doctor-patient,66f40c9b-ed42-4bea-bfc8-0923bf04e885
bob,2025-04-26 11:22:47,happy,0.4002193212509155,doctor-patient,66f40c9b-ed42-4bea-bfc8-0923bf04e885
bob,2025-04-26 11:22:47,happy,0.4024910032749176,doctor-patient,66f40c9b-ed42-4bea-bfc8-0923bf04e885
bob,2025-04-26 11:22:47,happy,0.4024910032749176,doctor-patient,66f40c9b-ed42-4bea-bfc8-0923bf04e885
bob,2025-04-26 11:22:47,happy,0.4103318154811859,doctor-patient,66f40c9b-ed42-4bea-bfc8-0923bf04e885
bob,2025-04-26 11:22:48,happy,0.4161496162414551,doctor-patient,66f40c9b-ed42-4bea-bfc8-0923bf04e885
bob,2025-04-26 11:22:48,happy,0.400250643491745,doctor-patient,66f40c9b-ed42-4bea-bfc8-0923bf04e885
bob,2025-04-26 11:22:48,happy,0.40235647559165955,doctor-patient,66f40c9b-ed42-4bea-bfc8-0923bf04e885
bob,2025-04-26 11:22:48,happy,0.39897993206977844,doctor-patient,66f40c9b-ed42-4bea-bfc8-0923bf04e885
bob,2025-04-26 11:22:48,happy,0.39897993206977844,doctor-patient,66f40c9b-ed42-4bea-bfc8-0923bf04e885
bob,2025-04-26 11:22:48,happy,0.3990236818790436,doctor-patient,66f40c9b-ed42-4bea-bfc8-0923bf04e885
bob,2025-04-26 11:22:48,happy,0.3987073004245758,doctor-patient,66f40c9b-ed42-4bea-bfc8-0923bf04e885
bob,2025-04-26 11:22:48,happy,0.4033108353614807,doctor-patient,66f40c9b-ed42-4bea-bfc8-0923bf04e885
bob,2025-04-26 11:22:48,happy,0.4022815525531769,doctor-patient,66f40c9b-ed42-4bea-bfc8-0923bf04e885
bob,2025-04-26 11:22:48,happy,0.4017801880836487,doctor-patient,66f40c9b-ed42-4bea-bfc8-0923bf04e885
bob,2025-04-26 11:22:48,happy,0.4017801880836487,doctor-patient,66f40c9b-ed42-4bea-bfc8-0923bf04e885
bob,2025-04-26 11:22:48,happy,0.3976558446884155,doctor-patient,66f40c9b-ed42-4bea-bfc8-0923bf04e885
bob,2025-04-26 11:22:48,happy,0.4134219288825989,doctor-patient,66f40c9b-ed42-4bea-bfc8-0923bf04e885
bob,2025-04-26 11:22:48,happy,0.408020555973053,doctor-patient,66f40c9b-ed42-4bea-bfc8-0923bf04e885
bob,2025-04-26 11:22:49,happy,0.4061277210712433,doctor-patient,66f40c9b-ed42-4bea-bfc8-0923bf04e885
bob,2025-04-26 11:22:49,happy,0.4061277210712433,doctor-patient,66f40c9b-ed42-4bea-bfc8-0923bf04e885
bob,2025-04-26 11:22:49,happy,0.3977959454059601,doctor-patient,66f40c9b-ed42-4bea-bfc8-0923bf04e885
bob,2025-04-26 11:22:49,happy,0.40064066648483276,doctor-patient,66f40c9b-ed42-4bea-bfc8-0923bf04e885
bob,2025-04-26 11:22:49,happy,0.40064066648483276,doctor-patient,66f40c9b-ed42-4bea-bfc8-0923bf04e885
bob,2025-04-26 11:22:49,happy,0.3887295126914978,doctor-patient,66f40c9b-ed42-4bea-bfc8-0923bf04e885
bob,2025-04-26 11:22:49,happy,0.38961946964263916,doctor-patient,66f40c9b-ed42-4bea-bfc8-0923bf04e885
bob,2025-04-26 11:22:49,happy,0.38961946964263916,doctor-patient,66f40c9b-ed42-4bea-bfc8-0923bf04e885
bob,2025-04-26 11:22:49,happy,0.38874128460884094,doctor-patient,66f40c9b-ed42-4bea-bfc8-0923bf04e885
bob,2025-04-26 11:22:49,happy,0.41672948002815247,doctor-patient,66f40c9b-ed42-4bea-bfc8-0923bf04e885
bob,2025-04-26 11:22:50,happy,0.41672948002815247,doctor-patient,66f40c9b-ed42-4bea-bfc8-0923bf04e885
bob,2025-04-26 11:22:50,happy,0.39410400390625,doctor-patient,66f40c9b-ed42-4bea-bfc8-0923bf04e885
bob,2025-04-26 11:22:50,happy,0.39455148577690125,doctor-patient,66f40c9b-ed42-4bea-bfc8-0923bf04e885
bob,2025-04-26 11:22:50,happy,0.39455148577690125,doctor-patient,66f40c9b-ed42-4bea-bfc8-0923bf04e885
bob,2025-04-26 11:22:50,happy,0.39806777238845825,doctor-patient,66f40c9b-ed42-4bea-bfc8-0923bf04e885
bob,2025-04-26 11:22:50,happy,0.39806777238845825,doctor-patient,66f40c9b-ed42-4bea-bfc8-0923bf04e885
bob,2025-04-26 11:22:51,happy,0.40552276372909546,doctor-patient,66f40c9b-ed42-4bea-bfc8-0923bf04e885
bob,2025-04-26 11:22:51,happy,0.4039727747440338,doctor-patient,66f40c9b-ed42-4bea-bfc8-0923bf04e885
bob,2025-04-26 11:22:51,happy,0.4039727747440338,doctor-patient,66f40c9b-ed42-4bea-bfc8-0923bf04e885
bob,2025-04-26 11:22:51,happy,0.40187543630599976,doctor-patient,66f40c9b-ed42-4bea-bfc8-0923bf04e885
bob,2025-04-26 11:22:51,happy,0.40187543630599976,doctor-patient,66f40c9b-ed42-4bea-bfc8-0923bf04e885
bob,2025-04-26 11:22:51,happy,0.40276142954826355,doctor-patient,66f40c9b-ed42-4bea-bfc8-0923bf04e885
bob,2025-04-26 11:22:51,happy,0.40481874346733093,doctor-patient,66f40c9b-ed42-4bea-bfc8-0923bf04e885
bob,2025-04-26 11:22:51,happy,0.40481874346733093,doctor-patient,66f40c9b-ed42-4bea-bfc8-0923bf04e885
bob,2025-04-26 11:22:51,happy,0.4051373600959778,doctor-patient,66f40c9b-ed42-4bea-bfc8-0923bf04e885
bob,2025-04-26 11:22:51,happy,0.40455347299575806,doctor-patient,66f40c9b-ed42-4bea-bfc8-0923bf04e885
bob,2025-04-26 11:22:51,happy,0.4097367227077484,doctor-patient,66f40c9b-ed42-4bea-bfc8-0923bf04e885
bob,2025-04-26 11:22:51,happy,0.4089324474334717,doctor-patient,66f40c9b-ed42-4bea-bfc8-0923bf04e885
bob,2025-04-26 11:22:51,happy,0.40465453267097473,doctor-patient,66f40c9b-ed42-4bea-bfc8-0923bf04e885
bob,2025-04-26 11:22:51,happy,0.4185310900211334,doctor-patient,66f40c9b-ed42-4bea-bfc8-0923bf04e885
bob,2025-04-26 11:22:52,happy,0.4081515073776245,doctor-patient,66f40c9b-ed42-4bea-bfc8-0923bf04e885
bob,2025-04-26 11:22:52,happy,0.4146290719509125,doctor-patient,66f40c9b-ed42-4bea-bfc8-0923bf04e885
bob,2025-04-26 11:22:52,happy,0.4018111526966095,doctor-patient,66f40c9b-ed42-4bea-bfc8-0923bf04e885
bob,2025-04-26 11:22:52,happy,0.402204304933548,doctor-patient,66f40c9b-ed42-4bea-bfc8-0923bf04e885
bob,2025-04-26 11:22:52,happy,0.4103206992149353,doctor-patient,66f40c9b-ed42-4bea-bfc8-0923bf04e885
bob,2025-04-26 11:22:52,happy,0.4340795576572418,doctor-patient,66f40c9b-ed42-4bea-bfc8-0923bf04e885
bob,2025-04-26 11:22:52,happy,0.4045664966106415,doctor-patient,66f40c9b-ed42-4bea-bfc8-0923bf04e885
bob,2025-04-26 11:22:52,happy,0.4195808470249176,doctor-patient,66f40c9b-ed42-4bea-bfc8-0923bf04e885
bob,2025-04-26 11:22:52,happy,0.41900813579559326,doctor-patient,66f40c9b-ed42-4bea-bfc8-0923bf04e885
bob,2025-04-26 11:22:52,happy,0.4033156931400299,doctor-patient,66f40c9b-ed42-4bea-bfc8-0923bf04e885
bob,2025-04-26 11:22:52,happy,0.40683165192604065,doctor-patient,66f40c9b-ed42-4bea-bfc8-0923bf04e885
bob,2025-04-26 11:22:52,happy,0.4027132987976074,doctor-patient,66f40c9b-ed42-4bea-bfc8-0923bf04e885
bob,2025-04-26 11:22:52,happy,0.4027132987976074,doctor-patient,66f40c9b-ed42-4bea-bfc8-0923bf04e885
bob,2025-04-26 11:22:52,happy,0.40729373693466187,doctor-patient,66f40c9b-ed42-4bea-bfc8-0923bf04e885
bob,2025-04-26 11:22:53,happy,0.4158809781074524,doctor-patient,66f40c9b-ed42-4bea-bfc8-0923bf04e885
bob,2025-04-26 11:22:53,happy,0.41038453578948975,doctor-patient,66f40c9b-ed42-4bea-bfc8-0923bf04e885
bob,2025-04-26 11:22:53,happy,0.40387701988220215,doctor-patient,66f40c9b-ed42-4bea-bfc8-0923bf04e885
bob,2025-04-26 11:22:53,happy,0.40171319246292114,doctor-patient,66f40c9b-ed42-4bea-bfc8-0923bf04e885
bob,2025-04-26 11:22:53,happy,0.4110032021999359,doctor-patient,66f40c9b-ed42-4bea-bfc8-0923bf04e885
bob,2025-04-26 11:22:53,happy,0.4288959503173828,doctor-patient,66f40c9b-ed42-4bea-bfc8-0923bf04e885
bob,2025-04-26 11:22:53,happy,0.3978811502456665,doctor-patient,66f40c9b-ed42-4bea-bfc8-0923bf04e885
bob,2025-04-26 11:22:53,happy,0.3985716700553894,doctor-patient,66f40c9b-ed42-4bea-bfc8-0923bf04e885
bob,2025-04-26 11:22:53,happy,0.40031492710113525,doctor-patient,66f40c9b-ed42-4bea-bfc8-0923bf04e885
bob,2025-04-26 11:22:53,happy,0.4129333794116974,doctor-patient,66f40c9b-ed42-4bea-bfc8-0923bf04e885
bob,2025-04-26 11:22:53,happy,0.44236302375793457,doctor-patient,66f40c9b-ed42-4bea-bfc8-0923bf04e885
bob,2025-04-26 11:22:53,happy,0.39988505840301514,doctor-patient,66f40c9b-ed42-4bea-bfc8-0923bf04e885
bob,2025-04-26 11:22:53,happy,0.39821264147758484,doctor-patient,66f40c9b-ed42-4bea-bfc8-0923bf04e885
bob,2025-04-26 11:22:53,happy,0.3996856212615967,doctor-patient,66f40c9b-ed42-4bea-bfc8-0923bf04e885
bob,2025-04-26 11:22:53,happy,0.3996856212615967,doctor-patient,66f40c9b-ed42-4bea-bfc8-0923bf04e885
bob,2025-04-26 11:22:54,happy,0.4023597240447998,doctor-patient,66f40c9b-ed42-4bea-bfc8-0923bf04e885
bob,2025-04-26 11:22:54,happy,0.4040679335594177,doctor-patient,66f40c9b-ed42-4bea-bfc8-0923bf04e885
bob,2025-04-26 11:22:54,happy,0.41702574491500854,doctor-patient,66f40c9b-ed42-4bea-bfc8-0923bf04e885
bob,2025-04-26 11:22:54,happy,0.40319153666496277,doctor-patient,66f40c9b-ed42-4bea-bfc8-0923bf04e885
bob,2025-04-26 11:22:54,happy,0.40533390641212463,doctor-patient,66f40c9b-ed42-4bea-bfc8-0923bf04e885
bob,2025-04-26 11:22:54,happy,0.40700778365135193,doctor-patient,66f40c9b-ed42-4bea-bfc8-0923bf04e885
bob,2025-04-26 11:22:54,happy,0.40514928102493286,doctor-patient,66f40c9b-ed42-4bea-bfc8-0923bf04e885
bob,2025-04-26 11:22:54,happy,0.40514928102493286,doctor-patient,66f40c9b-ed42-4bea-bfc8-0923bf04e885
bob,2025-04-26 11:22:54,happy,0.40337494015693665,doctor-patient,66f40c9b-ed42-4bea-bfc8-0923bf04e885
bob,2025-04-26 11:22:54,happy,0.4037003517150879,doctor-patient,66f40c9b-ed42-4bea-bfc8-0923bf04e885
bob,2025-04-26 11:22:54,happy,0.4061981439590454,doctor-patient,66f40c9b-ed42-4bea-bfc8-0923bf04e885
bob,2025-04-26 11:22:54,happy,0.4057447016239166,doctor-patient,66f40c9b-ed42-4bea-bfc8-0923bf04e885
bob,2025-04-26 11:22:54,happy,0.4050258696079254,doctor-patient,66f40c9b-ed42-4bea-bfc8-0923bf04e885
bob,2025-04-26 11:22:55,happy,0.4050258696079254,doctor-patient,66f40c9b-ed42-4bea-bfc8-0923bf04e885
bob,2025-04-26 11:22:55,happy,0.40086299180984497,doctor-patient,66f40c9b-ed42-4bea-bfc8-0923bf04e885
bob,2025-04-26 11:22:55,happy,0.4030109643936157,doctor-patient,66f40c9b-ed42-4bea-bfc8-0923bf04e885
bob,2025-04-26 11:22:55,happy,0.4006657898426056,doctor-patient,66f40c9b-ed42-4bea-bfc8-0923bf04e885
bob,2025-04-26 11:22:55,happy,0.4020789563655853,doctor-patient,66f40c9b-ed42-4bea-bfc8-0923bf04e885
bob,2025-04-26 11:22:55,happy,0.40125682950019836,doctor-patient,66f40c9b-ed42-4bea-bfc8-0923bf04e885
bob,2025-04-26 11:22:55,happy,0.40125682950019836,doctor-patient,66f40c9b-ed42-4bea-bfc8-0923bf04e885
bob,2025-04-26 11:22:55,happy,0.3989139497280121,doctor-patient,66f40c9b-ed42-4bea-bfc8-0923bf04e885
bob,2025-04-26 11:22:55,happy,0.4002138376235962,doctor-patient,66f40c9b-ed42-4bea-bfc8-0923bf04e885
bob,2025-04-26 11:22:55,happy,0.4044097661972046,doctor-patient,66f40c9b-ed42-4bea-bfc8-0923bf04e885
bob,2025-04-26 11:22:55,happy,0.40319952368736267,doctor-patient,66f40c9b-ed42-4bea-bfc8-0923bf04e885
bob,2025-04-26 11:22:55,happy,0.4038136303424835,doctor-patient,66f40c9b-ed42-4bea-bfc8-0923bf04e885
bob,2025-04-26 11:22:55,happy,0.4038136303424835,doctor-patient,66f40c9b-ed42-4bea-bfc8-0923bf04e885
bob,2025-04-26 11:22:55,happy,0.4038620889186859,doctor-patient,66f40c9b-ed42-4bea-bfc8-0923bf04e885
bob,2025-04-26 11:22:56,happy,0.40677472949028015,doctor-patient,66f40c9b-ed42-4bea-bfc8-0923bf04e885
bob,2025-04-26 11:22:56,happy,0.40064576268196106,doctor-patient,66f40c9b-ed42-4bea-bfc8-0923bf04e885
bob,2025-04-26 11:22:56,happy,0.40431714057922363,doctor-patient,66f40c9b-ed42-4bea-bfc8-0923bf04e885
bob,2025-04-26 11:22:56,happy,0.4212383031845093,doctor-patient,66f40c9b-ed42-4bea-bfc8-0923bf04e885
bob,2025-04-26 11:22:56,happy,0.40605470538139343,doctor-patient,66f40c9b-ed42-4bea-bfc8-0923bf04e885
bob,2025-04-26 11:22:56,happy,0.416625440120697,doctor-patient,66f40c9b-ed42-4bea-bfc8-0923bf04e885
bob,2025-04-26 11:22:56,happy,0.41290006041526794,doctor-patient,66f40c9b-ed42-4bea-bfc8-0923bf04e885
bob,2025-04-26 11:22:56,happy,0.40899458527565,doctor-patient,66f40c9b-ed42-4bea-bfc8-0923bf04e885
bob,2025-04-26 11:22:56,happy,0.40800943970680237,doctor-patient,66f40c9b-ed42-4bea-bfc8-0923bf04e885
bob,2025-04-26 11:22:56,happy,0.40800943970680237,doctor-patient,66f40c9b-ed42-4bea-bfc8-0923bf04e885
bob,2025-04-26 11:22:56,happy,0.4081908166408539,doctor-patient,66f40c9b-ed42-4bea-bfc8-0923bf04e885
bob,2025-04-26 11:22:56,happy,0.413963258266449,doctor-patient,66f40c9b-ed42-4bea-bfc8-0923bf04e885
bob,2025-04-26 11:22:56,happy,0.41265347599983215,doctor-patient,66f40c9b-ed42-4bea-bfc8-0923bf04e885
bob,2025-04-26 11:22:56,happy,0.41265347599983215,doctor-patient,66f40c9b-ed42-4bea-bfc8-0923bf04e885
bob,2025-04-26 11:22:56,happy,0.40796950459480286,doctor-patient,66f40c9b-ed42-4bea-bfc8-0923bf04e885
bob,2025-04-26 11:22:57,happy,0.41159382462501526,doctor-patient,66f40c9b-ed42-4bea-bfc8-0923bf04e885
bob,2025-04-26 11:22:57,happy,0.41169798374176025,doctor-patient,66f40c9b-ed42-4bea-bfc8-0923bf04e885
bob,2025-04-26 11:22:57,happy,0.40813300013542175,doctor-patient,66f40c9b-ed42-4bea-bfc8-0923bf04e885
bob,2025-04-26 11:22:57,happy,0.40813300013542175,doctor-patient,66f40c9b-ed42-4bea-bfc8-0923bf04e885
bob,2025-04-26 11:22:57,happy,0.4115508496761322,doctor-patient,66f40c9b-ed42-4bea-bfc8-0923bf04e885
bob,2025-04-26 11:22:57,happy,0.40453749895095825,doctor-patient,66f40c9b-ed42-4bea-bfc8-0923bf04e885
bob,2025-04-26 11:22:57,happy,0.4044555127620697,doctor-patient,66f40c9b-ed42-4bea-bfc8-0923bf04e885
bob,2025-04-26 11:22:57,happy,0.4044555127620697,doctor-patient,66f40c9b-ed42-4bea-bfc8-0923bf04e885
bob,2025-04-26 11:22:57,happy,0.40412765741348267,doctor-patient,66f40c9b-ed42-4bea-bfc8-0923bf04e885
bob,2025-04-26 11:22:57,happy,0.39766353368759155,doctor-patient,66f40c9b-ed42-4bea-bfc8-0923bf04e885
bob,2025-04-26 11:22:57,happy,0.4021330773830414,doctor-patient,66f40c9b-ed42-4bea-bfc8-0923bf04e885
bob,2025-04-26 11:22:57,happy,0.406143456697464,doctor-patient,66f40c9b-ed42-4bea-bfc8-0923bf04e885
bob,2025-04-26 11:22:57,happy,0.406143456697464,doctor-patient,66f40c9b-ed42-4bea-bfc8-0923bf04e885
bob,2025-04-26 11:22:57,happy,0.4053386151790619,doctor-patient,66f40c9b-ed42-4bea-bfc8-0923bf04e885
bob,2025-04-26 11:22:58,happy,0.4053386151790619,doctor-patient,66f40c9b-ed42-4bea-bfc8-0923bf04e885
bob,2025-04-26 11:22:58,happy,0.4007914662361145,doctor-patient,66f40c9b-ed42-4bea-bfc8-0923bf04e885
bob,2025-04-26 11:22:58,happy,0.4031774401664734,doctor-patient,66f40c9b-ed42-4bea-bfc8-0923bf04e885
bob,2025-04-26 11:22:58,happy,0.41517511010169983,doctor-patient,66f40c9b-ed42-4bea-bfc8-0923bf04e885
bob,2025-04-26 11:22:58,happy,0.4017355442047119,doctor-patient,66f40c9b-ed42-4bea-bfc8-0923bf04e885
bob,2025-04-26 11:22:58,happy,0.4016283452510834,doctor-patient,66f40c9b-ed42-4bea-bfc8-0923bf04e885
bob,2025-04-26 11:22:58,happy,0.39886850118637085,doctor-patient,66f40c9b-ed42-4bea-bfc8-0923bf04e885
bob,2025-04-26 11:22:58,happy,0.39886850118637085,doctor-patient,66f40c9b-ed42-4bea-bfc8-0923bf04e885
bob,2025-04-26 11:22:58,happy,0.4016558527946472,doctor-patient,66f40c9b-ed42-4bea-bfc8-0923bf04e885
bob,2025-04-26 11:22:58,happy,0.3992740511894226,doctor-patient,66f40c9b-ed42-4bea-bfc8-0923bf04e885
bob,2025-04-26 11:22:58,happy,0.3967028260231018,doctor-patient,66f40c9b-ed42-4bea-bfc8-0923bf04e885
bob,2025-04-26 11:22:58,happy,0.3967028260231018,doctor-patient,66f40c9b-ed42-4bea-bfc8-0923bf04e885
bob,2025-04-26 11:22:58,happy,0.41884100437164307,doctor-patient,66f40c9b-ed42-4bea-bfc8-0923bf04e885
bob,2025-04-26 11:22:58,happy,0.40244343876838684,doctor-patient,66f40c9b-ed42-4bea-bfc8-0923bf04e885
bob,2025-04-26 11:22:58,happy,0.41884100437164307,doctor-patient,66f40c9b-ed42-4bea-bfc8-0923bf04e885
bob,2025-04-26 11:22:58,happy,0.40244343876838684,doctor-patient,66f40c9b-ed42-4bea-bfc8-0923bf04e885
bob,2025-04-26 11:22:59,happy,0.399474561214447,doctor-patient,66f40c9b-ed42-4bea-bfc8-0923bf04e885
bob,2025-04-26 11:22:59,happy,0.3941812813282013,doctor-patient,66f40c9b-ed42-4bea-bfc8-0923bf04e885
bob,2025-04-26 11:22:59,happy,0.3941812813282013,doctor-patient,66f40c9b-ed42-4bea-bfc8-0923bf04e885
bob,2025-04-26 11:22:59,happy,0.3978911340236664,doctor-patient,66f40c9b-ed42-4bea-bfc8-0923bf04e885
bob,2025-04-26 11:22:59,happy,0.4004393219947815,doctor-patient,66f40c9b-ed42-4bea-bfc8-0923bf04e885
bob,2025-04-26 11:22:59,happy,0.4012874662876129,doctor-patient,66f40c9b-ed42-4bea-bfc8-0923bf04e885
bob,2025-04-26 11:22:59,happy,0.3988281786441803,doctor-patient,66f40c9b-ed42-4bea-bfc8-0923bf04e885
bob,2025-04-26 11:22:59,happy,0.3988281786441803,doctor-patient,66f40c9b-ed42-4bea-bfc8-0923bf04e885
bob,2025-04-26 11:22:59,happy,0.3956872522830963,doctor-patient,66f40c9b-ed42-4bea-bfc8-0923bf04e885
bob,2025-04-26 11:22:59,happy,0.41657915711402893,doctor-patient,66f40c9b-ed42-4bea-bfc8-0923bf04e885
bob,2025-04-26 11:22:59,happy,0.3948269188404083,doctor-patient,66f40c9b-ed42-4bea-bfc8-0923bf04e885
bob,2025-04-26 11:22:59,happy,0.39616623520851135,doctor-patient,66f40c9b-ed42-4bea-bfc8-0923bf04e885
bob,2025-04-26 11:22:59,happy,0.39575880765914917,doctor-patient,66f40c9b-ed42-4bea-bfc8-0923bf04e885
bob,2025-04-26 11:22:59,happy,0.39575880765914917,doctor-patient,66f40c9b-ed42-4bea-bfc8-0923bf04e885
bob,2025-04-26 11:23:00,happy,0.39777177572250366,doctor-patient,66f40c9b-ed42-4bea-bfc8-0923bf04e885
bob,2025-04-26 11:23:00,happy,0.39777177572250366,doctor-patient,66f40c9b-ed42-4bea-bfc8-0923bf04e885
bob,2025-04-26 11:23:00,happy,0.4012053906917572,doctor-patient,66f40c9b-ed42-4bea-bfc8-0923bf04e885
bob,2025-04-26 11:23:00,happy,0.40574193000793457,doctor-patient,66f40c9b-ed42-4bea-bfc8-0923bf04e885
bob,2025-04-26 11:23:00,happy,0.40574193000793457,doctor-patient,66f40c9b-ed42-4bea-bfc8-0923bf04e885
bob,2025-04-26 11:23:00,happy,0.401419460773468,doctor-patient,66f40c9b-ed42-4bea-bfc8-0923bf04e885
bob,2025-04-26 11:23:00,happy,0.401419460773468,doctor-patient,66f40c9b-ed42-4bea-bfc8-0923bf04e885
bob,2025-04-26 11:23:00,happy,0.40540042519569397,doctor-patient,66f40c9b-ed42-4bea-bfc8-0923bf04e885
bob,2025-04-26 11:23:00,happy,0.4091282784938812,doctor-patient,66f40c9b-ed42-4bea-bfc8-0923bf04e885
bob,2025-04-26 11:23:00,happy,0.40928447246551514,doctor-patient,66f40c9b-ed42-4bea-bfc8-0923bf04e885
bob,2025-04-26 11:23:00,happy,0.40896889567375183,doctor-patient,66f40c9b-ed42-4bea-bfc8-0923bf04e885
bob,2025-04-26 11:23:00,happy,0.40929627418518066,doctor-patient,66f40c9b-ed42-4bea-bfc8-0923bf04e885
bob,2025-04-26 11:23:00,happy,0.40901196002960205,doctor-patient,66f40c9b-ed42-4bea-bfc8-0923bf04e885
bob,2025-04-26 11:23:00,happy,0.40901196002960205,doctor-patient,66f40c9b-ed42-4bea-bfc8-0923bf04e885
bob,2025-04-26 11:23:01,happy,0.41099420189857483,doctor-patient,66f40c9b-ed42-4bea-bfc8-0923bf04e885
bob,2025-04-26 11:23:01,happy,0.4106642007827759,doctor-patient,66f40c9b-ed42-4bea-bfc8-0923bf04e885
bob,2025-04-26 11:23:01,happy,0.4114528298377991,doctor-patient,66f40c9b-ed42-4bea-bfc8-0923bf04e885
bob,2025-04-26 11:23:01,happy,0.41368794441223145,doctor-patient,66f40c9b-ed42-4bea-bfc8-0923bf04e885
bob,2025-04-26 11:23:01,happy,0.41114842891693115,doctor-patient,66f40c9b-ed42-4bea-bfc8-0923bf04e885
bob,2025-04-26 11:23:01,happy,0.41114842891693115,doctor-patient,66f40c9b-ed42-4bea-bfc8-0923bf04e885
bob,2025-04-26 11:23:01,happy,0.41251999139785767,doctor-patient,66f40c9b-ed42-4bea-bfc8-0923bf04e885
bob,2025-04-26 11:23:01,happy,0.41120994091033936,doctor-patient,66f40c9b-ed42-4bea-bfc8-0923bf04e885
bob,2025-04-26 11:23:01,happy,0.41222867369651794,doctor-patient,66f40c9b-ed42-4bea-bfc8-0923bf04e885
bob,2025-04-26 11:23:01,happy,0.41121578216552734,doctor-patient,66f40c9b-ed42-4bea-bfc8-0923bf04e885
bob,2025-04-26 11:23:01,happy,0.41121578216552734,doctor-patient,66f40c9b-ed42-4bea-bfc8-0923bf04e885
bob,2025-04-26 11:23:01,happy,0.4101391136646271,doctor-patient,66f40c9b-ed42-4bea-bfc8-0923bf04e885
bob,2025-04-26 11:23:01,happy,0.40971803665161133,doctor-patient,66f40c9b-ed42-4bea-bfc8-0923bf04e885
bob,2025-04-26 11:23:01,happy,0.40687939524650574,doctor-patient,66f40c9b-ed42-4bea-bfc8-0923bf04e885
bob,2025-04-26 11:23:02,happy,0.4120522737503052,doctor-patient,66f40c9b-ed42-4bea-bfc8-0923bf04e885
bob,2025-04-26 11:23:02,happy,0.41039055585861206,doctor-patient,66f40c9b-ed42-4bea-bfc8-0923bf04e885
bob,2025-04-26 11:23:02,happy,0.41661813855171204,doctor-patient,66f40c9b-ed42-4bea-bfc8-0923bf04e885
bob,2025-04-26 11:23:02,happy,0.4125358462333679,doctor-patient,66f40c9b-ed42-4bea-bfc8-0923bf04e885
bob,2025-04-26 11:23:02,happy,0.4125358462333679,doctor-patient,66f40c9b-ed42-4bea-bfc8-0923bf04e885
bob,2025-04-26 11:23:02,happy,0.4119585454463959,doctor-patient,66f40c9b-ed42-4bea-bfc8-0923bf04e885
bob,2025-04-26 11:23:02,happy,0.4088453948497772,doctor-patient,66f40c9b-ed42-4bea-bfc8-0923bf04e885
bob,2025-04-26 11:23:02,happy,0.4081290364265442,doctor-patient,66f40c9b-ed42-4bea-bfc8-0923bf04e885
bob,2025-04-26 11:23:02,happy,0.40672242641448975,doctor-patient,66f40c9b-ed42-4bea-bfc8-0923bf04e885
bob,2025-04-26 11:23:02,happy,0.40672242641448975,doctor-patient,66f40c9b-ed42-4bea-bfc8-0923bf04e885
bob,2025-04-26 11:23:02,happy,0.4061445891857147,doctor-patient,66f40c9b-ed42-4bea-bfc8-0923bf04e885
bob,2025-04-26 11:23:02,happy,0.4074447751045227,doctor-patient,66f40c9b-ed42-4bea-bfc8-0923bf04e885
bob,2025-04-26 11:23:02,happy,0.40722548961639404,doctor-patient,66f40c9b-ed42-4bea-bfc8-0923bf04e885
bob,2025-04-26 11:23:02,happy,0.40722548961639404,doctor-patient,66f40c9b-ed42-4bea-bfc8-0923bf04e885
bob,2025-04-26 11:23:02,happy,0.40900924801826477,doctor-patient,66f40c9b-ed42-4bea-bfc8-0923bf04e885
bob,2025-04-26 11:23:03,happy,0.40282413363456726,doctor-patient,66f40c9b-ed42-4bea-bfc8-0923bf04e885
bob,2025-04-26 11:23:03,happy,0.40369269251823425,doctor-patient,66f40c9b-ed42-4bea-bfc8-0923bf04e885
bob,2025-04-26 11:23:03,happy,0.4061378836631775,doctor-patient,66f40c9b-ed42-4bea-bfc8-0923bf04e885
bob,2025-04-26 11:23:03,happy,0.40181446075439453,doctor-patient,66f40c9b-ed42-4bea-bfc8-0923bf04e885
bob,2025-04-26 11:23:03,happy,0.40181446075439453,doctor-patient,66f40c9b-ed42-4bea-bfc8-0923bf04e885
bob,2025-04-26 11:23:03,happy,0.4019758105278015,doctor-patient,66f40c9b-ed42-4bea-bfc8-0923bf04e885
bob,2025-04-26 11:23:03,happy,0.4029494822025299,doctor-patient,66f40c9b-ed42-4bea-bfc8-0923bf04e885
bob,2025-04-26 11:23:03,happy,0.40239980816841125,doctor-patient,66f40c9b-ed42-4bea-bfc8-0923bf04e885
bob,2025-04-26 11:23:03,happy,0.40366417169570923,doctor-patient,66f40c9b-ed42-4bea-bfc8-0923bf04e885
bob,2025-04-26 11:23:03,happy,0.40366417169570923,doctor-patient,66f40c9b-ed42-4bea-bfc8-0923bf04e885
bob,2025-04-26 11:23:03,happy,0.41149964928627014,doctor-patient,66f40c9b-ed42-4bea-bfc8-0923bf04e885
bob,2025-04-26 11:23:03,happy,0.41035911440849304,doctor-patient,66f40c9b-ed42-4bea-bfc8-0923bf04e885
bob,2025-04-26 11:23:03,happy,0.41495975852012634,doctor-patient,66f40c9b-ed42-4bea-bfc8-0923bf04e885
bob,2025-04-26 11:23:03,happy,0.41257861256599426,doctor-patient,66f40c9b-ed42-4bea-bfc8-0923bf04e885
bob,2025-04-26 11:23:03,happy,0.41095638275146484,doctor-patient,66f40c9b-ed42-4bea-bfc8-0923bf04e885
bob,2025-04-26 11:23:04,happy,0.41095638275146484,doctor-patient,66f40c9b-ed42-4bea-bfc8-0923bf04e885
bob,2025-04-26 11:23:04,happy,0.41210949420928955,doctor-patient,66f40c9b-ed42-4bea-bfc8-0923bf04e885
bob,2025-04-26 11:23:04,happy,0.41210949420928955,doctor-patient,66f40c9b-ed42-4bea-bfc8-0923bf04e885
bob,2025-04-26 11:23:04,happy,0.40938082337379456,doctor-patient,66f40c9b-ed42-4bea-bfc8-0923bf04e885
bob,2025-04-26 11:23:04,happy,0.411173552274704,doctor-patient,66f40c9b-ed42-4bea-bfc8-0923bf04e885
bob,2025-04-26 11:23:04,happy,0.41700679063796997,doctor-patient,66f40c9b-ed42-4bea-bfc8-0923bf04e885
bob,2025-04-26 11:23:04,happy,0.40151795744895935,doctor-patient,66f40c9b-ed42-4bea-bfc8-0923bf04e885
bob,2025-04-26 11:23:04,happy,0.40351346135139465,doctor-patient,66f40c9b-ed42-4bea-bfc8-0923bf04e885
bob,2025-04-26 11:23:04,happy,0.40970277786254883,doctor-patient,66f40c9b-ed42-4bea-bfc8-0923bf04e885
bob,2025-04-26 11:23:04,happy,0.40970277786254883,doctor-patient,66f40c9b-ed42-4bea-bfc8-0923bf04e885
bob,2025-04-26 11:23:04,happy,0.4068430960178375,doctor-patient,66f40c9b-ed42-4bea-bfc8-0923bf04e885
bob,2025-04-26 11:23:04,happy,0.4032513201236725,doctor-patient,66f40c9b-ed42-4bea-bfc8-0923bf04e885
bob,2025-04-26 11:23:04,happy,0.40851667523384094,doctor-patient,66f40c9b-ed42-4bea-bfc8-0923bf04e885
bob,2025-04-26 11:23:04,happy,0.40376755595207214,doctor-patient,66f40c9b-ed42-4bea-bfc8-0923bf04e885
bob,2025-04-26 11:23:05,happy,0.40427595376968384,doctor-patient,66f40c9b-ed42-4bea-bfc8-0923bf04e885
bob,2025-04-26 11:23:05,happy,0.40427595376968384,doctor-patient,66f40c9b-ed42-4bea-bfc8-0923bf04e885
bob,2025-04-26 11:23:05,happy,0.4086059033870697,doctor-patient,66f40c9b-ed42-4bea-bfc8-0923bf04e885
bob,2025-04-26 11:23:05,happy,0.40634554624557495,doctor-patient,66f40c9b-ed42-4bea-bfc8-0923bf04e885
bob,2025-04-26 11:23:05,happy,0.40544605255126953,doctor-patient,66f40c9b-ed42-4bea-bfc8-0923bf04e885
bob,2025-04-26 11:23:05,happy,0.4114353060722351,doctor-patient,66f40c9b-ed42-4bea-bfc8-0923bf04e885
bob,2025-04-26 11:23:05,happy,0.4124782979488373,doctor-patient,66f40c9b-ed42-4bea-bfc8-0923bf04e885
bob,2025-04-26 11:23:05,happy,0.40983134508132935,doctor-patient,66f40c9b-ed42-4bea-bfc8-0923bf04e885
bob,2025-04-26 11:23:05,happy,0.4077272117137909,doctor-patient,66f40c9b-ed42-4bea-bfc8-0923bf04e885
bob,2025-04-26 11:23:05,happy,0.4148298501968384,doctor-patient,66f40c9b-ed42-4bea-bfc8-0923bf04e885
bob,2025-04-26 11:23:05,happy,0.40980786085128784,doctor-patient,66f40c9b-ed42-4bea-bfc8-0923bf04e885
bob,2025-04-26 11:23:05,happy,0.40436065196990967,doctor-patient,66f40c9b-ed42-4bea-bfc8-0923bf04e885
bob,2025-04-26 11:23:05,happy,0.40369924902915955,doctor-patient,66f40c9b-ed42-4bea-bfc8-0923bf04e885
bob,2025-04-26 11:23:06,happy,0.40369924902915955,doctor-patient,66f40c9b-ed42-4bea-bfc8-0923bf04e885
bob,2025-04-26 11:23:06,happy,0.40383875370025635,doctor-patient,66f40c9b-ed42-4bea-bfc8-0923bf04e885
bob,2025-04-26 11:23:06,happy,0.4114875793457031,doctor-patient,66f40c9b-ed42-4bea-bfc8-0923bf04e885
bob,2025-04-26 11:23:06,happy,0.4198133945465088,doctor-patient,66f40c9b-ed42-4bea-bfc8-0923bf04e885
bob,2025-04-26 11:23:06,happy,0.41489678621292114,doctor-patient,66f40c9b-ed42-4bea-bfc8-0923bf04e885
bob,2025-04-26 11:23:06,happy,0.41498491168022156,doctor-patient,66f40c9b-ed42-4bea-bfc8-0923bf04e885
bob,2025-04-26 11:23:06,happy,0.41498491168022156,doctor-patient,66f40c9b-ed42-4bea-bfc8-0923bf04e885
bob,2025-04-26 11:23:06,happy,0.4090699255466461,doctor-patient,66f40c9b-ed42-4bea-bfc8-0923bf04e885
bob,2025-04-26 11:23:06,happy,0.4092557430267334,doctor-patient,66f40c9b-ed42-4bea-bfc8-0923bf04e885
bob,2025-04-26 11:23:06,happy,0.42030951380729675,doctor-patient,66f40c9b-ed42-4bea-bfc8-0923bf04e885
bob,2025-04-26 11:23:06,happy,0.4093697965145111,doctor-patient,66f40c9b-ed42-4bea-bfc8-0923bf04e885
bob,2025-04-26 11:23:06,happy,0.4014875888824463,doctor-patient,66f40c9b-ed42-4bea-bfc8-0923bf04e885
bob,2025-04-26 11:23:06,happy,0.4011172652244568,doctor-patient,66f40c9b-ed42-4bea-bfc8-0923bf04e885
bob,2025-04-26 11:23:06,happy,0.39770451188087463,doctor-patient,66f40c9b-ed42-4bea-bfc8-0923bf04e885
bob,2025-04-26 11:23:07,happy,0.4019619822502136,doctor-patient,66f40c9b-ed42-4bea-bfc8-0923bf04e885
bob,2025-04-26 11:23:07,happy,0.4019619822502136,doctor-patient,66f40c9b-ed42-4bea-bfc8-0923bf04e885
bob,2025-04-26 11:23:07,happy,0.40545475482940674,doctor-patient,66f40c9b-ed42-4bea-bfc8-0923bf04e885
bob,2025-04-26 11:23:07,happy,0.4091678559780121,doctor-patient,66f40c9b-ed42-4bea-bfc8-0923bf04e885
bob,2025-04-26 11:23:07,happy,0.4093923568725586,doctor-patient,66f40c9b-ed42-4bea-bfc8-0923bf04e885
bob,2025-04-26 11:23:07,happy,0.40184876322746277,doctor-patient,66f40c9b-ed42-4bea-bfc8-0923bf04e885
bob,2025-04-26 11:23:07,happy,0.40184876322746277,doctor-patient,66f40c9b-ed42-4bea-bfc8-0923bf04e885
bob,2025-04-26 11:23:07,happy,0.39854276180267334,doctor-patient,66f40c9b-ed42-4bea-bfc8-0923bf04e885
bob,2025-04-26 11:23:07,happy,0.40014585852622986,doctor-patient,66f40c9b-ed42-4bea-bfc8-0923bf04e885
bob,2025-04-26 11:23:07,happy,0.4049057960510254,doctor-patient,66f40c9b-ed42-4bea-bfc8-0923bf04e885
bob,2025-04-26 11:23:07,happy,0.402942955493927,doctor-patient,66f40c9b-ed42-4bea-bfc8-0923bf04e885
bob,2025-04-26 11:23:07,happy,0.41478049755096436,doctor-patient,66f40c9b-ed42-4bea-bfc8-0923bf04e885
bob,2025-04-26 11:23:07,happy,0.41110509634017944,doctor-patient,66f40c9b-ed42-4bea-bfc8-0923bf04e885
bob,2025-04-26 11:23:07,happy,0.4044651389122009,doctor-patient,66f40c9b-ed42-4bea-bfc8-0923bf04e885
bob,2025-04-26 11:23:07,happy,0.4044651389122009,doctor-patient,66f40c9b-ed42-4bea-bfc8-0923bf04e885
bob,2025-04-26 11:23:08,happy,0.4089438021183014,doctor-patient,66f40c9b-ed42-4bea-bfc8-0923bf04e885
bob,2025-04-26 11:23:08,happy,0.40745511651039124,doctor-patient,66f40c9b-ed42-4bea-bfc8-0923bf04e885
bob,2025-04-26 11:23:08,happy,0.40745511651039124,doctor-patient,66f40c9b-ed42-4bea-bfc8-0923bf04e885
bob,2025-04-26 11:23:08,happy,0.40556713938713074,doctor-patient,66f40c9b-ed42-4bea-bfc8-0923bf04e885
bob,2025-04-26 11:23:08,happy,0.40422895550727844,doctor-patient,66f40c9b-ed42-4bea-bfc8-0923bf04e885
bob,2025-04-26 11:23:08,happy,0.4082080125808716,doctor-patient,66f40c9b-ed42-4bea-bfc8-0923bf04e885
bob,2025-04-26 11:23:08,happy,0.4082080125808716,doctor-patient,66f40c9b-ed42-4bea-bfc8-0923bf04e885
bob,2025-04-26 11:23:08,happy,0.40102851390838623,doctor-patient,66f40c9b-ed42-4bea-bfc8-0923bf04e885
bob,2025-04-26 11:23:08,happy,0.41507184505462646,doctor-patient,66f40c9b-ed42-4bea-bfc8-0923bf04e885
bob,2025-04-26 11:23:08,happy,0.40165406465530396,doctor-patient,66f40c9b-ed42-4bea-bfc8-0923bf04e885
bob,2025-04-26 11:23:08,happy,0.40165406465530396,doctor-patient,66f40c9b-ed42-4bea-bfc8-0923bf04e885
bob,2025-04-26 11:23:08,happy,0.40263602137565613,doctor-patient,66f40c9b-ed42-4bea-bfc8-0923bf04e885
bob,2025-04-26 11:23:08,happy,0.4171631932258606,doctor-patient,66f40c9b-ed42-4bea-bfc8-0923bf04e885
bob,2025-04-26 11:23:08,happy,0.4045472741127014,doctor-patient,66f40c9b-ed42-4bea-bfc8-0923bf04e885
bob,2025-04-26 11:23:08,happy,0.4043709635734558,doctor-patient,66f40c9b-ed42-4bea-bfc8-0923bf04e885
bob,2025-04-26 11:23:09,happy,0.40711167454719543,doctor-patient,66f40c9b-ed42-4bea-bfc8-0923bf04e885
bob,2025-04-26 11:23:09,happy,0.4128839075565338,doctor-patient,66f40c9b-ed42-4bea-bfc8-0923bf04e885
bob,2025-04-26 11:23:09,happy,0.4050620496273041,doctor-patient,66f40c9b-ed42-4bea-bfc8-0923bf04e885
bob,2025-04-26 11:23:09,happy,0.4050620496273041,doctor-patient,66f40c9b-ed42-4bea-bfc8-0923bf04e885
bob,2025-04-26 11:23:09,happy,0.41341540217399597,doctor-patient,66f40c9b-ed42-4bea-bfc8-0923bf04e885
bob,2025-04-26 11:23:09,happy,0.4065025746822357,doctor-patient,66f40c9b-ed42-4bea-bfc8-0923bf04e885
bob,2025-04-26 11:23:09,happy,0.40610530972480774,doctor-patient,66f40c9b-ed42-4bea-bfc8-0923bf04e885
bob,2025-04-26 11:23:09,happy,0.4150799810886383,doctor-patient,66f40c9b-ed42-4bea-bfc8-0923bf04e885
bob,2025-04-26 11:23:09,happy,0.4155074656009674,doctor-patient,66f40c9b-ed42-4bea-bfc8-0923bf04e885
bob,2025-04-26 11:23:09,happy,0.4155074656009674,doctor-patient,66f40c9b-ed42-4bea-bfc8-0923bf04e885
bob,2025-04-26 11:23:09,happy,0.4188026189804077,doctor-patient,66f40c9b-ed42-4bea-bfc8-0923bf04e885
bob,2025-04-26 11:23:09,happy,0.4188026189804077,doctor-patient,66f40c9b-ed42-4bea-bfc8-0923bf04e885
bob,2025-04-26 11:23:09,happy,0.4088987112045288,doctor-patient,66f40c9b-ed42-4bea-bfc8-0923bf04e885
bob,2025-04-26 11:23:10,happy,0.4217166602611542,doctor-patient,66f40c9b-ed42-4bea-bfc8-0923bf04e885
bob,2025-04-26 11:23:10,happy,0.40587106347084045,doctor-patient,66f40c9b-ed42-4bea-bfc8-0923bf04e885
bob,2025-04-26 11:23:10,happy,0.41706299781799316,doctor-patient,66f40c9b-ed42-4bea-bfc8-0923bf04e885
bob,2025-04-26 11:23:10,happy,0.40821143984794617,doctor-patient,66f40c9b-ed42-4bea-bfc8-0923bf04e885
bob,2025-04-26 11:23:10,happy,0.4111912250518799,doctor-patient,66f40c9b-ed42-4bea-bfc8-0923bf04e885
bob,2025-04-26 11:23:10,happy,0.4130347967147827,doctor-patient,66f40c9b-ed42-4bea-bfc8-0923bf04e885
bob,2025-04-26 11:23:10,happy,0.4123615026473999,doctor-patient,66f40c9b-ed42-4bea-bfc8-0923bf04e885
bob,2025-04-26 11:23:10,happy,0.4143091142177582,doctor-patient,66f40c9b-ed42-4bea-bfc8-0923bf04e885
bob,2025-04-26 11:23:10,happy,0.4131767153739929,doctor-patient,66f40c9b-ed42-4bea-bfc8-0923bf04e885
bob,2025-04-26 11:23:10,happy,0.41454237699508667,doctor-patient,66f40c9b-ed42-4bea-bfc8-0923bf04e885
bob,2025-04-26 11:23:10,happy,0.4165964126586914,doctor-patient,66f40c9b-ed42-4bea-bfc8-0923bf04e885
bob,2025-04-26 11:23:10,happy,0.4220755994319916,doctor-patient,66f40c9b-ed42-4bea-bfc8-0923bf04e885
bob,2025-04-26 11:23:10,happy,0.42023006081581116,doctor-patient,66f40c9b-ed42-4bea-bfc8-0923bf04e885
bob,2025-04-26 11:23:10,happy,0.42298924922943115,doctor-patient,66f40c9b-ed42-4bea-bfc8-0923bf04e885
bob,2025-04-26 11:23:10,happy,0.4210774898529053,doctor-patient,66f40c9b-ed42-4bea-bfc8-0923bf04e885
bob,2025-04-26 11:23:10,happy,0.4241456687450409,doctor-patient,66f40c9b-ed42-4bea-bfc8-0923bf04e885
bob,2025-04-26 11:23:11,happy,0.4130644202232361,doctor-patient,66f40c9b-ed42-4bea-bfc8-0923bf04e885
bob,2025-04-26 11:23:11,happy,0.41536712646484375,doctor-patient,66f40c9b-ed42-4bea-bfc8-0923bf04e885
bob,2025-04-26 11:23:11,happy,0.42105960845947266,doctor-patient,66f40c9b-ed42-4bea-bfc8-0923bf04e885
bob,2025-04-26 11:23:11,happy,0.4212944507598877,doctor-patient,66f40c9b-ed42-4bea-bfc8-0923bf04e885
bob,2025-04-26 11:23:11,happy,0.4212944507598877,doctor-patient,66f40c9b-ed42-4bea-bfc8-0923bf04e885
bob,2025-04-26 11:23:11,happy,0.422321617603302,doctor-patient,66f40c9b-ed42-4bea-bfc8-0923bf04e885
bob,2025-04-26 11:23:11,happy,0.4162968099117279,doctor-patient,66f40c9b-ed42-4bea-bfc8-0923bf04e885
bob,2025-04-26 11:23:11,happy,0.4169711172580719,doctor-patient,66f40c9b-ed42-4bea-bfc8-0923bf04e885
bob,2025-04-26 11:23:11,happy,0.4199759066104889,doctor-patient,66f40c9b-ed42-4bea-bfc8-0923bf04e885
bob,2025-04-26 11:23:11,happy,0.4199759066104889,doctor-patient,66f40c9b-ed42-4bea-bfc8-0923bf04e885
bob,2025-04-26 11:23:11,happy,0.4159325659275055,doctor-patient,66f40c9b-ed42-4bea-bfc8-0923bf04e885
bob,2025-04-26 11:23:11,happy,0.4171055853366852,doctor-patient,66f40c9b-ed42-4bea-bfc8-0923bf04e885
bob,2025-04-26 11:23:11,happy,0.41353529691696167,doctor-patient,66f40c9b-ed42-4bea-bfc8-0923bf04e885
bob,2025-04-26 11:23:11,happy,0.418095201253891,doctor-patient,66f40c9b-ed42-4bea-bfc8-0923bf04e885
bob,2025-04-26 11:23:12,happy,0.40943995118141174,doctor-patient,66f40c9b-ed42-4bea-bfc8-0923bf04e885
bob,2025-04-26 11:23:12,happy,0.40943995118141174,doctor-patient,66f40c9b-ed42-4bea-bfc8-0923bf04e885
bob,2025-04-26 11:23:12,happy,0.4143257737159729,doctor-patient,66f40c9b-ed42-4bea-bfc8-0923bf04e885
bob,2025-04-26 11:23:12,happy,0.4108491837978363,doctor-patient,66f40c9b-ed42-4bea-bfc8-0923bf04e885
bob,2025-04-26 11:23:12,happy,0.41013655066490173,doctor-patient,66f40c9b-ed42-4bea-bfc8-0923bf04e885
bob,2025-04-26 11:23:12,happy,0.41381508111953735,doctor-patient,66f40c9b-ed42-4bea-bfc8-0923bf04e885
bob,2025-04-26 11:23:12,happy,0.4177485406398773,doctor-patient,66f40c9b-ed42-4bea-bfc8-0923bf04e885
bob,2025-04-26 11:23:12,happy,0.4171378016471863,doctor-patient,66f40c9b-ed42-4bea-bfc8-0923bf04e885
bob,2025-04-26 11:23:12,happy,0.41532042622566223,doctor-patient,66f40c9b-ed42-4bea-bfc8-0923bf04e885
bob,2025-04-26 11:23:12,happy,0.4154006838798523,doctor-patient,66f40c9b-ed42-4bea-bfc8-0923bf04e885
bob,2025-04-26 11:23:12,happy,0.41395309567451477,doctor-patient,66f40c9b-ed42-4bea-bfc8-0923bf04e885
bob,2025-04-26 11:23:12,happy,0.41395309567451477,doctor-patient,66f40c9b-ed42-4bea-bfc8-0923bf04e885
bob,2025-04-26 11:23:12,happy,0.416019469499588,doctor-patient,66f40c9b-ed42-4bea-bfc8-0923bf04e885
bob,2025-04-26 11:23:12,happy,0.41211938858032227,doctor-patient,66f40c9b-ed42-4bea-bfc8-0923bf04e885
bob,2025-04-26 11:23:12,happy,0.4141729176044464,doctor-patient,66f40c9b-ed42-4bea-bfc8-0923bf04e885
bob,2025-04-26 11:23:13,happy,0.41782253980636597,doctor-patient,66f40c9b-ed42-4bea-bfc8-0923bf04e885
bob,2025-04-26 11:23:13,happy,0.4212300181388855,doctor-patient,66f40c9b-ed42-4bea-bfc8-0923bf04e885
bob,2025-04-26 11:23:13,happy,0.4179462790489197,doctor-patient,66f40c9b-ed42-4bea-bfc8-0923bf04e885
bob,2025-04-26 11:23:13,happy,0.42262864112854004,doctor-patient,66f40c9b-ed42-4bea-bfc8-0923bf04e885
bob,2025-04-26 11:23:13,happy,0.42379438877105713,doctor-patient,66f40c9b-ed42-4bea-bfc8-0923bf04e885
bob,2025-04-26 11:23:13,happy,0.41905897855758667,doctor-patient,66f40c9b-ed42-4bea-bfc8-0923bf04e885
bob,2025-04-26 11:23:13,happy,0.41916030645370483,doctor-patient,66f40c9b-ed42-4bea-bfc8-0923bf04e885
bob,2025-04-26 11:23:13,happy,0.4170486330986023,doctor-patient,66f40c9b-ed42-4bea-bfc8-0923bf04e885
bob,2025-04-26 11:23:13,happy,0.4164576828479767,doctor-patient,66f40c9b-ed42-4bea-bfc8-0923bf04e885
bob,2025-04-26 11:23:13,happy,0.413475900888443,doctor-patient,66f40c9b-ed42-4bea-bfc8-0923bf04e885
bob,2025-04-26 11:23:13,happy,0.4143258333206177,doctor-patient,66f40c9b-ed42-4bea-bfc8-0923bf04e885
bob,2025-04-26 11:23:13,happy,0.41729214787483215,doctor-patient,66f40c9b-ed42-4bea-bfc8-0923bf04e885
bob,2025-04-26 11:23:13,happy,0.41126492619514465,doctor-patient,66f40c9b-ed42-4bea-bfc8-0923bf04e885
bob,2025-04-26 11:23:13,happy,0.41567113995552063,doctor-patient,66f40c9b-ed42-4bea-bfc8-0923bf04e885
bob,2025-04-26 11:23:13,happy,0.414564847946167,doctor-patient,66f40c9b-ed42-4bea-bfc8-0923bf04e885
bob,2025-04-26 11:23:13,happy,0.4177854061126709,doctor-patient,66f40c9b-ed42-4bea-bfc8-0923bf04e885
bob,2025-04-26 11:23:14,happy,0.4134301543235779,doctor-patient,66f40c9b-ed42-4bea-bfc8-0923bf04e885
bob,2025-04-26 11:23:14,happy,0.41167575120925903,doctor-patient,66f40c9b-ed42-4bea-bfc8-0923bf04e885
bob,2025-04-26 11:23:14,happy,0.41872239112854004,doctor-patient,66f40c9b-ed42-4bea-bfc8-0923bf04e885
bob,2025-04-26 11:23:14,happy,0.41247183084487915,doctor-patient,66f40c9b-ed42-4bea-bfc8-0923bf04e885
bob,2025-04-26 11:23:14,happy,0.4160768687725067,doctor-patient,66f40c9b-ed42-4bea-bfc8-0923bf04e885
bob,2025-04-26 11:23:14,happy,0.4160768687725067,doctor-patient,66f40c9b-ed42-4bea-bfc8-0923bf04e885
bob,2025-04-26 11:23:14,happy,0.4101927876472473,doctor-patient,66f40c9b-ed42-4bea-bfc8-0923bf04e885
bob,2025-04-26 11:23:14,happy,0.41725412011146545,doctor-patient,66f40c9b-ed42-4bea-bfc8-0923bf04e885
bob,2025-04-26 11:23:14,happy,0.4094679653644562,doctor-patient,66f40c9b-ed42-4bea-bfc8-0923bf04e885
bob,2025-04-26 11:23:14,happy,0.41428616642951965,doctor-patient,66f40c9b-ed42-4bea-bfc8-0923bf04e885
bob,2025-04-26 11:23:14,happy,0.41420257091522217,doctor-patient,66f40c9b-ed42-4bea-bfc8-0923bf04e885
bob,2025-04-26 11:23:14,happy,0.4148416817188263,doctor-patient,66f40c9b-ed42-4bea-bfc8-0923bf04e885
bob,2025-04-26 11:23:14,happy,0.41705965995788574,doctor-patient,66f40c9b-ed42-4bea-bfc8-0923bf04e885
bob,2025-04-26 11:23:14,happy,0.41377684473991394,doctor-patient,66f40c9b-ed42-4bea-bfc8-0923bf04e885
bob,2025-04-26 11:23:15,happy,0.41377684473991394,doctor-patient,66f40c9b-ed42-4bea-bfc8-0923bf04e885
bob,2025-04-26 11:23:15,happy,0.4125906229019165,doctor-patient,66f40c9b-ed42-4bea-bfc8-0923bf04e885
bob,2025-04-26 11:23:15,happy,0.4105105698108673,doctor-patient,66f40c9b-ed42-4bea-bfc8-0923bf04e885
bob,2025-04-26 11:23:15,happy,0.41510167717933655,doctor-patient,66f40c9b-ed42-4bea-bfc8-0923bf04e885
bob,2025-04-26 11:23:15,happy,0.41510167717933655,doctor-patient,66f40c9b-ed42-4bea-bfc8-0923bf04e885
bob,2025-04-26 11:23:15,happy,0.4143470227718353,doctor-patient,66f40c9b-ed42-4bea-bfc8-0923bf04e885
bob,2025-04-26 11:23:15,happy,0.41350218653678894,doctor-patient,66f40c9b-ed42-4bea-bfc8-0923bf04e885
bob,2025-04-26 11:23:15,happy,0.40902990102767944,doctor-patient,66f40c9b-ed42-4bea-bfc8-0923bf04e885
bob,2025-04-26 11:23:15,happy,0.41322818398475647,doctor-patient,66f40c9b-ed42-4bea-bfc8-0923bf04e885
bob,2025-04-26 11:23:15,happy,0.41198036074638367,doctor-patient,66f40c9b-ed42-4bea-bfc8-0923bf04e885
bob,2025-04-26 11:23:15,happy,0.41045665740966797,doctor-patient,66f40c9b-ed42-4bea-bfc8-0923bf04e885
bob,2025-04-26 11:23:15,happy,0.4114837050437927,doctor-patient,66f40c9b-ed42-4bea-bfc8-0923bf04e885
bob,2025-04-26 11:23:15,happy,0.41793620586395264,doctor-patient,66f40c9b-ed42-4bea-bfc8-0923bf04e885
bob,2025-04-26 11:23:15,happy,0.4124824106693268,doctor-patient,66f40c9b-ed42-4bea-bfc8-0923bf04e885
bob,2025-04-26 11:23:16,happy,0.41266220808029175,doctor-patient,66f40c9b-ed42-4bea-bfc8-0923bf04e885
bob,2025-04-26 11:23:16,happy,0.4110786020755768,doctor-patient,66f40c9b-ed42-4bea-bfc8-0923bf04e885
bob,2025-04-26 11:23:16,happy,0.4110786020755768,doctor-patient,66f40c9b-ed42-4bea-bfc8-0923bf04e885
bob,2025-04-26 11:23:16,happy,0.40935465693473816,doctor-patient,66f40c9b-ed42-4bea-bfc8-0923bf04e885
bob,2025-04-26 11:23:16,happy,0.41186779737472534,doctor-patient,66f40c9b-ed42-4bea-bfc8-0923bf04e885
bob,2025-04-26 11:23:16,happy,0.41186779737472534,doctor-patient,66f40c9b-ed42-4bea-bfc8-0923bf04e885
bob,2025-04-26 11:23:16,happy,0.4121621549129486,doctor-patient,66f40c9b-ed42-4bea-bfc8-0923bf04e885
bob,2025-04-26 11:23:16,happy,0.4121621549129486,doctor-patient,66f40c9b-ed42-4bea-bfc8-0923bf04e885
bob,2025-04-26 11:23:16,happy,0.4128812253475189,doctor-patient,66f40c9b-ed42-4bea-bfc8-0923bf04e885
bob,2025-04-26 11:23:16,happy,0.4104371964931488,doctor-patient,66f40c9b-ed42-4bea-bfc8-0923bf04e885
bob,2025-04-26 11:23:16,happy,0.41335535049438477,doctor-patient,66f40c9b-ed42-4bea-bfc8-0923bf04e885
bob,2025-04-26 11:23:16,happy,0.40945965051651,doctor-patient,66f40c9b-ed42-4bea-bfc8-0923bf04e885
bob,2025-04-26 11:23:16,happy,0.40945965051651,doctor-patient,66f40c9b-ed42-4bea-bfc8-0923bf04e885
bob,2025-04-26 11:23:16,happy,0.40486177802085876,doctor-patient,66f40c9b-ed42-4bea-bfc8-0923bf04e885
bob,2025-04-26 11:23:17,happy,0.40877845883369446,doctor-patient,66f40c9b-ed42-4bea-bfc8-0923bf04e885
bob,2025-04-26 11:23:17,happy,0.41511857509613037,doctor-patient,66f40c9b-ed42-4bea-bfc8-0923bf04e885
bob,2025-04-26 11:23:17,happy,0.40723517537117004,doctor-patient,66f40c9b-ed42-4bea-bfc8-0923bf04e885
bob,2025-04-26 11:23:17,happy,0.4165102541446686,doctor-patient,66f40c9b-ed42-4bea-bfc8-0923bf04e885
bob,2025-04-26 11:23:17,happy,0.4145636260509491,doctor-patient,66f40c9b-ed42-4bea-bfc8-0923bf04e885
bob,2025-04-26 11:23:17,happy,0.4237896800041199,doctor-patient,66f40c9b-ed42-4bea-bfc8-0923bf04e885
bob,2025-04-26 11:23:17,happy,0.4245144724845886,doctor-patient,66f40c9b-ed42-4bea-bfc8-0923bf04e885
bob,2025-04-26 11:23:17,happy,0.4245144724845886,doctor-patient,66f40c9b-ed42-4bea-bfc8-0923bf04e885
bob,2025-04-26 11:23:17,happy,0.42325690388679504,doctor-patient,66f40c9b-ed42-4bea-bfc8-0923bf04e885
bob,2025-04-26 11:23:17,happy,0.4158421754837036,doctor-patient,66f40c9b-ed42-4bea-bfc8-0923bf04e885
bob,2025-04-26 11:23:17,happy,0.416011244058609,doctor-patient,66f40c9b-ed42-4bea-bfc8-0923bf04e885
bob,2025-04-26 11:23:17,happy,0.42701438069343567,doctor-patient,66f40c9b-ed42-4bea-bfc8-0923bf04e885
bob,2025-04-26 11:23:17,happy,0.4207365810871124,doctor-patient,66f40c9b-ed42-4bea-bfc8-0923bf04e885
bob,2025-04-26 11:23:17,happy,0.42042630910873413,doctor-patient,66f40c9b-ed42-4bea-bfc8-0923bf04e885
bob,2025-04-26 11:23:17,happy,0.42288005352020264,doctor-patient,66f40c9b-ed42-4bea-bfc8-0923bf04e885
bob,2025-04-26 11:23:17,happy,0.421003520488739,doctor-patient,66f40c9b-ed42-4bea-bfc8-0923bf04e885
bob,2025-04-26 11:23:18,happy,0.4243122339248657,doctor-patient,66f40c9b-ed42-4bea-bfc8-0923bf04e885
bob,2025-04-26 11:23:18,happy,0.4243122339248657,doctor-patient,66f40c9b-ed42-4bea-bfc8-0923bf04e885
bob,2025-04-26 11:23:18,happy,0.42373839020729065,doctor-patient,66f40c9b-ed42-4bea-bfc8-0923bf04e885
bob,2025-04-26 11:23:18,happy,0.41801196336746216,doctor-patient,66f40c9b-ed42-4bea-bfc8-0923bf04e885
bob,2025-04-26 11:23:18,happy,0.4152258336544037,doctor-patient,66f40c9b-ed42-4bea-bfc8-0923bf04e885
bob,2025-04-26 11:23:18,happy,0.41666358709335327,doctor-patient,66f40c9b-ed42-4bea-bfc8-0923bf04e885
bob,2025-04-26 11:23:18,happy,0.41484713554382324,doctor-patient,66f40c9b-ed42-4bea-bfc8-0923bf04e885
bob,2025-04-26 11:23:18,happy,0.3978250026702881,doctor-patient,66f40c9b-ed42-4bea-bfc8-0923bf04e885
bob,2025-04-26 11:23:18,happy,0.3978250026702881,doctor-patient,66f40c9b-ed42-4bea-bfc8-0923bf04e885
bob,2025-04-26 11:23:18,happy,0.4010268747806549,doctor-patient,66f40c9b-ed42-4bea-bfc8-0923bf04e885
bob,2025-04-26 11:23:18,happy,0.4010268747806549,doctor-patient,66f40c9b-ed42-4bea-bfc8-0923bf04e885
bob,2025-04-26 11:23:18,happy,0.418317586183548,doctor-patient,66f40c9b-ed42-4bea-bfc8-0923bf04e885
bob,2025-04-26 11:23:19,happy,0.41713112592697144,doctor-patient,66f40c9b-ed42-4bea-bfc8-0923bf04e885
bob,2025-04-26 11:23:19,happy,0.41713112592697144,doctor-patient,66f40c9b-ed42-4bea-bfc8-0923bf04e885
bob,2025-04-26 11:23:19,happy,0.41560283303260803,doctor-patient,66f40c9b-ed42-4bea-bfc8-0923bf04e885
bob,2025-04-26 11:23:19,happy,0.41560283303260803,doctor-patient,66f40c9b-ed42-4bea-bfc8-0923bf04e885
bob,2025-04-26 11:23:19,happy,0.39945560693740845,doctor-patient,66f40c9b-ed42-4bea-bfc8-0923bf04e885
bob,2025-04-26 11:23:19,happy,0.39162012934684753,doctor-patient,66f40c9b-ed42-4bea-bfc8-0923bf04e885
bob,2025-04-26 11:23:19,happy,0.39162012934684753,doctor-patient,66f40c9b-ed42-4bea-bfc8-0923bf04e885
bob,2025-04-26 11:23:19,happy,0.3913416564464569,doctor-patient,66f40c9b-ed42-4bea-bfc8-0923bf04e885
bob,2025-04-26 11:23:20,happy,0.40572720766067505,doctor-patient,66f40c9b-ed42-4bea-bfc8-0923bf04e885
bob,2025-04-26 11:23:20,happy,0.4001600444316864,doctor-patient,66f40c9b-ed42-4bea-bfc8-0923bf04e885
bob,2025-04-26 11:23:20,happy,0.40181413292884827,doctor-patient,66f40c9b-ed42-4bea-bfc8-0923bf04e885
bob,2025-04-26 11:23:20,happy,0.40061476826667786,doctor-patient,66f40c9b-ed42-4bea-bfc8-0923bf04e885
bob,2025-04-26 11:23:20,happy,0.40762782096862793,doctor-patient,66f40c9b-ed42-4bea-bfc8-0923bf04e885
bob,2025-04-26 11:23:20,happy,0.40762782096862793,doctor-patient,66f40c9b-ed42-4bea-bfc8-0923bf04e885
bob,2025-04-26 11:23:20,happy,0.4041418731212616,doctor-patient,66f40c9b-ed42-4bea-bfc8-0923bf04e885
bob,2025-04-26 11:23:20,happy,0.42312341928482056,doctor-patient,66f40c9b-ed42-4bea-bfc8-0923bf04e885
bob,2025-04-26 11:23:20,happy,0.40390920639038086,doctor-patient,66f40c9b-ed42-4bea-bfc8-0923bf04e885
bob,2025-04-26 11:23:20,happy,0.4040699303150177,doctor-patient,66f40c9b-ed42-4bea-bfc8-0923bf04e885
bob,2025-04-26 11:23:20,happy,0.4071539640426636,doctor-patient,66f40c9b-ed42-4bea-bfc8-0923bf04e885
bob,2025-04-26 11:23:20,happy,0.4042157232761383,doctor-patient,66f40c9b-ed42-4bea-bfc8-0923bf04e885
bob,2025-04-26 11:23:20,happy,0.39729687571525574,doctor-patient,66f40c9b-ed42-4bea-bfc8-0923bf04e885
bob,2025-04-26 11:23:20,happy,0.39729687571525574,doctor-patient,66f40c9b-ed42-4bea-bfc8-0923bf04e885
bob,2025-04-26 11:23:20,happy,0.4191215932369232,doctor-patient,66f40c9b-ed42-4bea-bfc8-0923bf04e885
bob,2025-04-26 11:23:21,happy,0.40045231580734253,doctor-patient,66f40c9b-ed42-4bea-bfc8-0923bf04e885
bob,2025-04-26 11:23:21,happy,0.4014298915863037,doctor-patient,66f40c9b-ed42-4bea-bfc8-0923bf04e885
bob,2025-04-26 11:23:21,happy,0.4012313783168793,doctor-patient,66f40c9b-ed42-4bea-bfc8-0923bf04e885
bob,2025-04-26 11:23:21,happy,0.40008723735809326,doctor-patient,66f40c9b-ed42-4bea-bfc8-0923bf04e885
bob,2025-04-26 11:23:21,happy,0.4035414457321167,doctor-patient,66f40c9b-ed42-4bea-bfc8-0923bf04e885
bob,2025-04-26 11:23:21,happy,0.4160993695259094,doctor-patient,66f40c9b-ed42-4bea-bfc8-0923bf04e885
bob,2025-04-26 11:23:21,happy,0.4183918237686157,doctor-patient,66f40c9b-ed42-4bea-bfc8-0923bf04e885
bob,2025-04-26 11:23:21,happy,0.3930298984050751,doctor-patient,66f40c9b-ed42-4bea-bfc8-0923bf04e885
bob,2025-04-26 11:23:21,happy,0.3986605703830719,doctor-patient,66f40c9b-ed42-4bea-bfc8-0923bf04e885
bob,2025-04-26 11:23:21,happy,0.4005722105503082,doctor-patient,66f40c9b-ed42-4bea-bfc8-0923bf04e885
bob,2025-04-26 11:23:21,happy,0.3944137990474701,doctor-patient,66f40c9b-ed42-4bea-bfc8-0923bf04e885
bob,2025-04-26 11:23:21,happy,0.3966856300830841,doctor-patient,66f40c9b-ed42-4bea-bfc8-0923bf04e885
bob,2025-04-26 11:23:21,happy,0.3966856300830841,doctor-patient,66f40c9b-ed42-4bea-bfc8-0923bf04e885
bob,2025-04-26 11:23:21,happy,0.41953712701797485,doctor-patient,66f40c9b-ed42-4bea-bfc8-0923bf04e885
bob,2025-04-26 11:23:21,happy,0.4022454619407654,doctor-patient,66f40c9b-ed42-4bea-bfc8-0923bf04e885
bob,2025-04-26 11:23:22,happy,0.4186011552810669,doctor-patient,66f40c9b-ed42-4bea-bfc8-0923bf04e885
bob,2025-04-26 11:23:22,happy,0.398121178150177,doctor-patient,66f40c9b-ed42-4bea-bfc8-0923bf04e885
bob,2025-04-26 11:23:22,happy,0.4049379825592041,doctor-patient,66f40c9b-ed42-4bea-bfc8-0923bf04e885
bob,2025-04-26 11:23:22,happy,0.4022993743419647,doctor-patient,66f40c9b-ed42-4bea-bfc8-0923bf04e885
bob,2025-04-26 11:23:22,happy,0.4218099117279053,doctor-patient,66f40c9b-ed42-4bea-bfc8-0923bf04e885
bob,2025-04-26 11:23:22,happy,0.39963600039482117,doctor-patient,66f40c9b-ed42-4bea-bfc8-0923bf04e885
bob,2025-04-26 11:23:22,happy,0.41830024123191833,doctor-patient,66f40c9b-ed42-4bea-bfc8-0923bf04e885
bob,2025-04-26 11:23:22,happy,0.40125715732574463,doctor-patient,66f40c9b-ed42-4bea-bfc8-0923bf04e885
bob,2025-04-26 11:23:22,happy,0.4016800820827484,doctor-patient,66f40c9b-ed42-4bea-bfc8-0923bf04e885
bob,2025-04-26 11:23:22,happy,0.3978131115436554,doctor-patient,66f40c9b-ed42-4bea-bfc8-0923bf04e885
bob,2025-04-26 11:23:22,happy,0.4036361873149872,doctor-patient,66f40c9b-ed42-4bea-bfc8-0923bf04e885
bob,2025-04-26 11:23:22,happy,0.4006851613521576,doctor-patient,66f40c9b-ed42-4bea-bfc8-0923bf04e885
bob,2025-04-26 11:23:22,happy,0.40399277210235596,doctor-patient,66f40c9b-ed42-4bea-bfc8-0923bf04e885
bob,2025-04-26 11:23:22,happy,0.40399277210235596,doctor-patient,66f40c9b-ed42-4bea-bfc8-0923bf04e885
bob,2025-04-26 11:23:23,happy,0.4028264582157135,doctor-patient,66f40c9b-ed42-4bea-bfc8-0923bf04e885
bob,2025-04-26 11:23:23,happy,0.4043899178504944,doctor-patient,66f40c9b-ed42-4bea-bfc8-0923bf04e885
bob,2025-04-26 11:23:23,happy,0.3994763195514679,doctor-patient,66f40c9b-ed42-4bea-bfc8-0923bf04e885
bob,2025-04-26 11:23:23,happy,0.4023020267486572,doctor-patient,66f40c9b-ed42-4bea-bfc8-0923bf04e885
bob,2025-04-26 11:23:23,happy,0.4166336953639984,doctor-patient,66f40c9b-ed42-4bea-bfc8-0923bf04e885
bob,2025-04-26 11:23:23,happy,0.40165838599205017,doctor-patient,66f40c9b-ed42-4bea-bfc8-0923bf04e885
bob,2025-04-26 11:23:23,happy,0.4000798165798187,doctor-patient,66f40c9b-ed42-4bea-bfc8-0923bf04e885
bob,2025-04-26 11:23:23,happy,0.40241870284080505,doctor-patient,66f40c9b-ed42-4bea-bfc8-0923bf04e885
bob,2025-04-26 11:23:23,happy,0.41699713468551636,doctor-patient,66f40c9b-ed42-4bea-bfc8-0923bf04e885
bob,2025-04-26 11:23:23,happy,0.41644373536109924,doctor-patient,66f40c9b-ed42-4bea-bfc8-0923bf04e885
bob,2025-04-26 11:23:23,happy,0.39998680353164673,doctor-patient,66f40c9b-ed42-4bea-bfc8-0923bf04e885
bob,2025-04-26 11:23:23,happy,0.4032305181026459,doctor-patient,66f40c9b-ed42-4bea-bfc8-0923bf04e885
bob,2025-04-26 11:23:23,happy,0.42143943905830383,doctor-patient,66f40c9b-ed42-4bea-bfc8-0923bf04e885
bob,2025-04-26 11:23:23,happy,0.40427079796791077,doctor-patient,66f40c9b-ed42-4bea-bfc8-0923bf04e885
bob,2025-04-26 11:23:23,happy,0.40978604555130005,doctor-patient,66f40c9b-ed42-4bea-bfc8-0923bf04e885
bob,2025-04-26 11:23:24,happy,0.4088582992553711,doctor-patient,66f40c9b-ed42-4bea-bfc8-0923bf04e885
bob,2025-04-26 11:23:24,happy,0.42058444023132324,doctor-patient,66f40c9b-ed42-4bea-bfc8-0923bf04e885
bob,2025-04-26 11:23:24,happy,0.4062374234199524,doctor-patient,66f40c9b-ed42-4bea-bfc8-0923bf04e885
bob,2025-04-26 11:23:24,happy,0.40697336196899414,doctor-patient,66f40c9b-ed42-4bea-bfc8-0923bf04e885
bob,2025-04-26 11:23:24,happy,0.40697336196899414,doctor-patient,66f40c9b-ed42-4bea-bfc8-0923bf04e885
bob,2025-04-26 11:23:24,happy,0.4034774899482727,doctor-patient,66f40c9b-ed42-4bea-bfc8-0923bf04e885
bob,2025-04-26 11:23:24,happy,0.40479645133018494,doctor-patient,66f40c9b-ed42-4bea-bfc8-0923bf04e885
bob,2025-04-26 11:23:24,happy,0.40919995307922363,doctor-patient,66f40c9b-ed42-4bea-bfc8-0923bf04e885
bob,2025-04-26 11:23:24,happy,0.41671881079673767,doctor-patient,66f40c9b-ed42-4bea-bfc8-0923bf04e885
bob,2025-04-26 11:23:24,happy,0.40523791313171387,doctor-patient,66f40c9b-ed42-4bea-bfc8-0923bf04e885
bob,2025-04-26 11:23:24,happy,0.4052542746067047,doctor-patient,66f40c9b-ed42-4bea-bfc8-0923bf04e885
bob,2025-04-26 11:23:24,happy,0.4063844084739685,doctor-patient,66f40c9b-ed42-4bea-bfc8-0923bf04e885
bob,2025-04-26 11:23:24,happy,0.4176848828792572,doctor-patient,66f40c9b-ed42-4bea-bfc8-0923bf04e885
bob,2025-04-26 11:23:24,happy,0.40575361251831055,doctor-patient,66f40c9b-ed42-4bea-bfc8-0923bf04e885
bob,2025-04-26 11:23:24,happy,0.40361544489860535,doctor-patient,66f40c9b-ed42-4bea-bfc8-0923bf04e885
bob,2025-04-26 11:23:25,happy,0.40361544489860535,doctor-patient,66f40c9b-ed42-4bea-bfc8-0923bf04e885
bob,2025-04-26 11:23:25,happy,0.4056011736392975,doctor-patient,66f40c9b-ed42-4bea-bfc8-0923bf04e885
bob,2025-04-26 11:23:25,happy,0.4046720862388611,doctor-patient,66f40c9b-ed42-4bea-bfc8-0923bf04e885
bob,2025-04-26 11:23:25,happy,0.4162312150001526,doctor-patient,66f40c9b-ed42-4bea-bfc8-0923bf04e885
bob,2025-04-26 11:23:25,happy,0.40343835949897766,doctor-patient,66f40c9b-ed42-4bea-bfc8-0923bf04e885
bob,2025-04-26 11:23:25,happy,0.40534114837646484,doctor-patient,66f40c9b-ed42-4bea-bfc8-0923bf04e885
bob,2025-04-26 11:23:25,happy,0.4057469069957733,doctor-patient,66f40c9b-ed42-4bea-bfc8-0923bf04e885
bob,2025-04-26 11:23:25,happy,0.4057469069957733,doctor-patient,66f40c9b-ed42-4bea-bfc8-0923bf04e885
bob,2025-04-26 11:23:25,happy,0.4200912415981293,doctor-patient,66f40c9b-ed42-4bea-bfc8-0923bf04e885
bob,2025-04-26 11:23:25,happy,0.40559133887290955,doctor-patient,66f40c9b-ed42-4bea-bfc8-0923bf04e885
bob,2025-04-26 11:23:25,happy,0.4044903814792633,doctor-patient,66f40c9b-ed42-4bea-bfc8-0923bf04e885
bob,2025-04-26 11:23:25,happy,0.40338724851608276,doctor-patient,66f40c9b-ed42-4bea-bfc8-0923bf04e885
bob,2025-04-26 11:23:25,happy,0.40338724851608276,doctor-patient,66f40c9b-ed42-4bea-bfc8-0923bf04e885
bob,2025-04-26 11:23:25,happy,0.40279504656791687,doctor-patient,66f40c9b-ed42-4bea-bfc8-0923bf04e885
bob,2025-04-26 11:23:25,happy,0.40452659130096436,doctor-patient,66f40c9b-ed42-4bea-bfc8-0923bf04e885
bob,2025-04-26 11:23:26,happy,0.40534546971321106,doctor-patient,66f40c9b-ed42-4bea-bfc8-0923bf04e885
bob,2025-04-26 11:23:26,happy,0.4158105254173279,doctor-patient,66f40c9b-ed42-4bea-bfc8-0923bf04e885
bob,2025-04-26 11:23:26,happy,0.4061533212661743,doctor-patient,66f40c9b-ed42-4bea-bfc8-0923bf04e885
bob,2025-04-26 11:23:26,happy,0.4061533212661743,doctor-patient,66f40c9b-ed42-4bea-bfc8-0923bf04e885
bob,2025-04-26 11:23:26,happy,0.3978993594646454,doctor-patient,66f40c9b-ed42-4bea-bfc8-0923bf04e885
bob,2025-04-26 11:23:26,happy,0.40382474660873413,doctor-patient,66f40c9b-ed42-4bea-bfc8-0923bf04e885
bob,2025-04-26 11:23:26,happy,0.4149337708950043,doctor-patient,66f40c9b-ed42-4bea-bfc8-0923bf04e885
bob,2025-04-26 11:23:26,happy,0.39839068055152893,doctor-patient,66f40c9b-ed42-4bea-bfc8-0923bf04e885
bob,2025-04-26 11:23:26,happy,0.3999311625957489,doctor-patient,66f40c9b-ed42-4bea-bfc8-0923bf04e885
bob,2025-04-26 11:23:26,happy,0.392581969499588,doctor-patient,66f40c9b-ed42-4bea-bfc8-0923bf04e885
bob,2025-04-26 11:23:26,happy,0.392581969499588,doctor-patient,66f40c9b-ed42-4bea-bfc8-0923bf04e885
bob,2025-04-26 11:23:26,happy,0.3955099582672119,doctor-patient,66f40c9b-ed42-4bea-bfc8-0923bf04e885
bob,2025-04-26 11:23:26,happy,0.4172416031360626,doctor-patient,66f40c9b-ed42-4bea-bfc8-0923bf04e885
bob,2025-04-26 11:23:26,happy,0.38668981194496155,doctor-patient,66f40c9b-ed42-4bea-bfc8-0923bf04e885
bob,2025-04-26 11:23:26,happy,0.397011399269104,doctor-patient,66f40c9b-ed42-4bea-bfc8-0923bf04e885
bob,2025-04-26 11:23:27,happy,0.397011399269104,doctor-patient,66f40c9b-ed42-4bea-bfc8-0923bf04e885
bob,2025-04-26 11:23:27,happy,0.3940040171146393,doctor-patient,66f40c9b-ed42-4bea-bfc8-0923bf04e885
bob,2025-04-26 11:23:27,happy,0.40030908584594727,doctor-patient,66f40c9b-ed42-4bea-bfc8-0923bf04e885
bob,2025-04-26 11:23:27,happy,0.40613240003585815,doctor-patient,66f40c9b-ed42-4bea-bfc8-0923bf04e885
bob,2025-04-26 11:23:27,happy,0.4025324881076813,doctor-patient,66f40c9b-ed42-4bea-bfc8-0923bf04e885
bob,2025-04-26 11:23:27,happy,0.4025324881076813,doctor-patient,66f40c9b-ed42-4bea-bfc8-0923bf04e885
bob,2025-04-26 11:23:27,happy,0.41351035237312317,doctor-patient,66f40c9b-ed42-4bea-bfc8-0923bf04e885
bob,2025-04-26 11:23:27,happy,0.3963180184364319,doctor-patient,66f40c9b-ed42-4bea-bfc8-0923bf04e885
bob,2025-04-26 11:23:27,happy,0.41332492232322693,doctor-patient,66f40c9b-ed42-4bea-bfc8-0923bf04e885
bob,2025-04-26 11:23:27,happy,0.41332492232322693,doctor-patient,66f40c9b-ed42-4bea-bfc8-0923bf04e885
bob,2025-04-26 11:23:27,happy,0.4074335992336273,doctor-patient,66f40c9b-ed42-4bea-bfc8-0923bf04e885
bob,2025-04-26 11:23:27,happy,0.40124186873435974,doctor-patient,66f40c9b-ed42-4bea-bfc8-0923bf04e885
bob,2025-04-26 11:23:27,happy,0.40571829676628113,doctor-patient,66f40c9b-ed42-4bea-bfc8-0923bf04e885
bob,2025-04-26 11:23:27,happy,0.4186762869358063,doctor-patient,66f40c9b-ed42-4bea-bfc8-0923bf04e885
bob,2025-04-26 11:23:27,happy,0.4062441289424896,doctor-patient,66f40c9b-ed42-4bea-bfc8-0923bf04e885
bob,2025-04-26 11:23:28,happy,0.4075307846069336,doctor-patient,66f40c9b-ed42-4bea-bfc8-0923bf04e885
bob,2025-04-26 11:23:28,happy,0.4188116788864136,doctor-patient,66f40c9b-ed42-4bea-bfc8-0923bf04e885
bob,2025-04-26 11:23:28,happy,0.4043421447277069,doctor-patient,66f40c9b-ed42-4bea-bfc8-0923bf04e885
bob,2025-04-26 11:23:28,happy,0.39715418219566345,doctor-patient,66f40c9b-ed42-4bea-bfc8-0923bf04e885
bob,2025-04-26 11:23:28,happy,0.40041834115982056,doctor-patient,66f40c9b-ed42-4bea-bfc8-0923bf04e885
bob,2025-04-26 11:23:28,happy,0.40285903215408325,doctor-patient,66f40c9b-ed42-4bea-bfc8-0923bf04e885
bob,2025-04-26 11:23:28,happy,0.41609203815460205,doctor-patient,66f40c9b-ed42-4bea-bfc8-0923bf04e885
bob,2025-04-26 11:23:28,happy,0.4142206907272339,doctor-patient,66f40c9b-ed42-4bea-bfc8-0923bf04e885
bob,2025-04-26 11:23:28,happy,0.40946164727211,doctor-patient,66f40c9b-ed42-4bea-bfc8-0923bf04e885
bob,2025-04-26 11:23:28,happy,0.40685540437698364,doctor-patient,66f40c9b-ed42-4bea-bfc8-0923bf04e885
bob,2025-04-26 11:23:28,happy,0.4027692973613739,doctor-patient,66f40c9b-ed42-4bea-bfc8-0923bf04e885
